ID,First_Name,Last_Name,Full_Name,Month_Of_Birth,Day_Of_Birth,Year_Of_Birth,Salary,Age,,,,,,,,,
,Jeffrey,Bailey,,April,24,1911,490704,,,January,1,,,2,February,,7
,Kathy,Campbell,,July,28,1909,71034,,,February,2,,,14,February,,8
,Steven,Green,,March,8,1971,196429,,,March,3,,,5,May,,5
,Charles,Jenkins,,August,15,1946,150257,,,April,4,,,20,August,,5
,Kenneth,Wilson,,January,9,1928,79233,,,May,5,,,22,October,,3
,Ruth,Flores,,March,22,1945,209633,,,June,6,,,19,July,,4
,Susan,Powell,,January,2,1949,228866,,,July,7,,,9,September,,4
,James,Ramirez,,October,26,1917,326299,,,August,8,,,12,December,,6
,Joseph,Carter,,November,28,1934,266031,,,September,9,,,11,November,,9
,Matthew,Washington,,August,15,1947,95075,,,October,10,,,13,January,,7
,Doris,Kelly,,April,29,1906,92475,,,November,11,,,2,February,,8
,Janice,Bennett,,July,6,1951,479350,,,December,12,,,17,May,,8
,Shawn,Evans,,April,18,1976,314465,,,January,13,,,16,April,,7
,Jerry,Lopez,,March,16,1999,441824,,,February,14,,,23,November,,8
,Shirley,Hernandez,,March,1,1934,455884,,,March,15,,,1,January,,5
,Clarence,Hall,,May,21,1956,168786,,,April,16,,,13,January,,5
,Amy,Miller,,October,31,1932,447225,,,May,17,,,23,November,,3
,Christina,Richardson,,November,25,1994,409341,,,June,18,,,12,December,,4
,Adam,Lewis,,June,8,1997,430088,,,July,19,,,18,June,,4
,Cynthia,Patterson,,July,26,1966,267154,,,August,20,,,17,May,,6
,Sarah,Jones,,June,2,1934,401370,,,September,21,,,21,September,,9
,Janet,Griffin,,August,5,1981,265592,,,October,22,,,6,June,,7
,Todd,Edwards,,April,25,1914,265363,,,November,23,,,14,February,,8
,Andrea,Foster,,September,11,1945,388740,,,December,24,,,16,April,,8
,Marilyn,Torres,,October,14,2002,488816,,,,,,,15,March,,
,Benjamin,Peterson,,July,26,1907,473058,,,,,,,13,January,,
,Tammy,Rivera,,April,16,1931,454031,,,,,,,11,November,,
,Thomas,Watson,,February,15,1900,397490,,,,,,,12,December,,
,Keith,Barnes,,April,17,1982,394631,,,,,,,13,January,,
,Phyllis,Thompson,,December,7,1960,400951,,,,,,,20,August,,
,Robert,Davis,,May,30,1938,306307,,,,,,,24,December,,
,Sean,Ross,,July,3,1955,490863,,,,,,,14,February,,
,Rose,Butler,,March,25,1938,336682,,,,,,,2,February,,
,Jack,Reed,,September,8,1989,138241,,,,,,,4,April,,
,Ann,Bell,,February,21,1959,489589,,,,,,,6,June,,
,Beverly,Gonzalez,,May,9,1984,188178,,,,,,,11,November,,
,Betty,Garcia,,December,26,1948,278420,,,,,,,6,June,,
,Douglas,Hill,,June,16,1995,472309,,,,,,,24,December,,
,Carol,Johnson,,January,28,1911,279748,,,,,,,7,July,,
,Kathryn,Sanders,,December,21,1967,247205,,,,,,,7,July,,
,Brenda,Brooks,,October,31,1948,169273,,,,,,,6,June,,
,Nancy,Martin,,January,12,1921,480399,,,,,,,21,September,,
,Barbara,Stewart,,March,10,1981,351893,,,,,,,6,June,,
,Paul,Morgan,,July,31,1961,70936,,,,,,,18,June,,
,Julia,Baker,,February,2,1925,481378,,,,,,,15,March,,
,Mary,Cooper,,July,13,1952,351695,,,,,,,9,September,,
,Louis,Howard,,March,19,1959,307379,,,,,,,12,December,,
,Carlos,Scott,,January,23,1999,295025,,,,,,,9,September,,
,Lisa,Phillips,,May,23,1963,107311,,,,,,,1,January,,
,Angela,Simmons,,September,4,1932,480199,,,,,,,5,May,,
,Sandra,Lee,,February,13,1904,374489,,,,,,,10,October,,
,Victor,Williams,,June,18,1914,291018,,,,,,,24,December,,
,Patricia,Thomas,,November,12,1917,395166,,,,,,,21,September,,
,Virginia,Long,,February,7,1918,153781,,,,,,,11,November,,
,Donald,Clark,,July,25,1999,130470,,,,,,,4,April,,
,Rebecca,Morris,,December,2,1948,334341,,,,,,,5,May,,
,Jason,Sanchez,,January,17,2001,320399,,,,,,,14,February,,
,Gerald,Rodriguez,,January,17,1990,198157,,,,,,,3,March,,
,Diane,Diaz,,December,17,1967,217890,,,,,,,24,December,,
,Johnny,Russell,,November,27,1993,249401,,,,,,,9,September,,
,Tina,Harris,,May,3,1959,412371,,,,,,,18,June,,
,Earl,Gray,,May,8,2000,441183,,,,,,,3,March,,
,Deborah,Mitchell,,October,25,1976,336360,,,,,,,8,August,,
,Elizabeth,Murphy,,November,26,1986,152645,,,,,,,19,July,,
,Nicholas,Taylor,,November,1,1963,221306,,,,,,,10,October,,
,Peter,Nelson,,June,29,1910,150737,,,,,,,23,November,,
,Denise,Perry,,March,13,1934,377550,,,,,,,16,April,,
,Ralph,Price,,April,6,1961,151648,,,,,,,9,September,,
,Stephen,Robinson,,December,25,1916,415523,,,,,,,24,December,,
,Dorothy,King,,March,28,1929,487024,,,,,,,21,September,,
,Joyce,Ward,,February,30,1999,464565,,,,,,,17,May,,
,Gary,James,,August,16,1980,138531,,,,,,,4,April,,
,Joan,Perez,,October,7,1908,59987,,,,,,,14,February,,
,Emily,Walker,,March,10,1973,81037,,,,,,,7,July,,
,George,Wood,,May,30,1913,458184,,,,,,,15,March,,
,Alice,Turner,,August,17,1957,373120,,,,,,,7,July,,
,Karen,Young,,July,15,1927,414004,,,,,,,20,August,,
,Roger,Hughes,,July,2,2001,418069,,,,,,,24,December,,
,Daniel,Moore,,August,20,1928,272165,,,,,,,2,February,,
,Jose,Roberts,,August,7,1932,381596,,,,,,,17,May,,
,Jean,Henderson,,August,25,1952,465640,,,,,,,22,October,,
,Michael,Cox,,April,26,1993,389006,,,,,,,15,March,,
,Jessica,Brown,,June,27,1961,425940,,,,,,,9,September,,
,Arthur,White,,June,5,1979,154934,,,,,,,10,October,,
,Albert,Smith,,October,28,1945,218189,,,,,,,10,October,,
,Chris,Collins,,July,1,1924,55286,,,,,,,10,October,,
,Lori,Wright,,August,10,1994,303325,,,,,,,23,November,,
,Cheryl,Parker,,December,1,1938,72206,,,,,,,16,April,,
,John,Jackson,,May,14,1947,248714,,,,,,,8,August,,
,David,Allen,,January,5,1954,131417,,,,,,,1,January,,
,Juan,Coleman,,August,21,1940,344791,,,,,,,11,November,,
,Paula,Alexander,,August,15,1939,131326,,,,,,,9,September,,
,Anne,Anderson,,January,18,1934,133517,,,,,,,11,November,,
,Justin,Cook,,October,11,1950,478547,,,,,,,14,February,,
,Henry,Adams,,February,9,1908,121920,,,,,,,6,June,,
,Christine,Bryant,,July,31,1951,328491,,,,,,,23,November,,
,Rachel,Gonzales,,March,28,1949,228342,,,,,,,7,July,,
,Brandon,Martinez,,April,7,1964,379384,,,,,,,15,March,,
,Margaret,Rogers,,June,24,1953,104641,,,,,,,16,April,,
